,date,agreement_status,payment_value,amount
0,2022-02-01,Действует,2054528849.6755555,1553356
1,2022-02-01,Действует (реструктуризация),1577473257.7958333,1436883
2,2022-02-01,Действует (частичный выкуп),17081075.549166664,1339494
3,2022-02-01,Действует (частичный страховой),24647390.425,1233193
4,2022-02-01,Подписан,30060249.811666667,1020862
5,2022-03-01,Действует,2054528849.6755555,1169634
6,2022-03-01,Действует (реструктуризация),1577473257.7958333,448845
7,2022-03-01,Действует (частичный выкуп),17081075.549166664,736902
8,2022-03-01,Действует (частичный страховой),24647390.425,1863916
9,2022-03-01,Подписан,30060249.811666667,212632
14,2022-04-01,Подписан,30060249.811666667,562178
13,2022-04-01,Действует (частичный страховой),24647390.425,557839
10,2022-04-01,Действует,2054528849.6755555,1592799
11,2022-04-01,Действует (реструктуризация),1577473257.7958333,1307933
12,2022-04-01,Действует (частичный выкуп),17081075.549166664,1611668
15,2022-05-01,Действует,2054528849.6755555,1589929
16,2022-05-01,Действует (реструктуризация),1577473257.7958333,965537
17,2022-05-01,Действует (частичный выкуп),17081075.549166664,875804
18,2022-05-01,Действует (частичный страховой),24647390.425,1872847
19,2022-05-01,Подписан,30060249.811666667,1416205
24,2022-06-01,Подписан,30060249.811666667,381859
23,2022-06-01,Действует (частичный страховой),24647390.425,1011174
20,2022-06-01,Действует,2054528849.6755555,575423
21,2022-06-01,Действует (реструктуризация),1577473257.7958333,884625
22,2022-06-01,Действует (частичный выкуп),17081075.549166664,1987712
25,2022-07-01,Действует,2054528849.6755555,942961
26,2022-07-01,Действует (реструктуризация),1577473257.7958333,67917
27,2022-07-01,Действует (частичный выкуп),17081075.549166664,975820
28,2022-07-01,Действует (частичный страховой),24647390.425,310821
29,2022-07-01,Подписан,30060249.811666667,122341
34,2022-08-01,Подписан,30060249.811666667,507250
33,2022-08-01,Действует (частичный страховой),24647390.425,416361
32,2022-08-01,Действует (частичный выкуп),17081075.549166664,1066932
30,2022-08-01,Действует,2054528849.6755555,1238655
31,2022-08-01,Действует (реструктуризация),1577473257.7958333,1286728
35,2022-09-01,Действует,2054528849.6755555,1799390
36,2022-09-01,Действует (реструктуризация),1577473257.7958333,1966694
37,2022-09-01,Действует (частичный выкуп),17081075.549166664,342096
38,2022-09-01,Действует (частичный страховой),24647390.425,201498
39,2022-09-01,Подписан,30060249.811666667,1289740
44,2022-10-01,Подписан,30060249.811666667,1163602
43,2022-10-01,Действует (частичный страховой),24647390.425,1561470
40,2022-10-01,Действует,2054528849.6755555,133190
41,2022-10-01,Действует (реструктуризация),1577473257.7958333,1238153
42,2022-10-01,Действует (частичный выкуп),17081075.549166664,564330
45,2022-11-01,Действует,2054528849.6755555,59939
46,2022-11-01,Действует (реструктуризация),1577473257.7958333,916571
47,2022-11-01,Действует (частичный выкуп),17081075.549166664,1888335
48,2022-11-01,Действует (частичный страховой),24647390.425,209029
49,2022-11-01,Подписан,30060249.811666667,996640
54,2022-12-01,Подписан,30060249.811666667,647470
53,2022-12-01,Действует (частичный страховой),24647390.425,651828
50,2022-12-01,Действует,2054528849.6755555,1313609
51,2022-12-01,Действует (реструктуризация),1577473257.7958333,639469
52,2022-12-01,Действует (частичный выкуп),17081075.549166664,253839
55,2023-01-01,Действует,2054528849.6755555,902647
56,2023-01-01,Действует (реструктуризация),1577473257.7958333,1285866
57,2023-01-01,Действует (частичный выкуп),17081075.549166664,660116
58,2023-01-01,Действует (частичный страховой),24647390.425,1366132
59,2023-01-01,Подписан,30060249.811666667,1276567
63,2023-02-01,Действует (частичный страховой),24647390.425,1779618
64,2023-02-01,Подписан,30060249.811666667,687171
62,2023-02-01,Действует (частичный выкуп),17081075.549166664,1756725
60,2023-02-01,Действует,2054528849.6755555,313445
61,2023-02-01,Действует (реструктуризация),1577473257.7958333,1645025
65,2023-03-01,Действует,2054528849.6755555,404604
66,2023-03-01,Действует (реструктуризация),1577473257.7958333,916923
67,2023-03-01,Действует (частичный выкуп),17081075.549166664,328309
68,2023-03-01,Действует (частичный страховой),24647390.425,1862928
69,2023-03-01,Подписан,30060249.811666667,1452520
74,2023-04-01,Подписан,30060249.811666667,1745056
73,2023-04-01,Действует (частичный страховой),24647390.425,1501145
72,2023-04-01,Действует (частичный выкуп),17081075.549166664,1906535
70,2023-04-01,Действует,2054528849.6755555,423350
71,2023-04-01,Действует (реструктуризация),1577473257.7958333,1806671
75,2023-05-01,Действует,2054528849.6755555,559473
76,2023-05-01,Действует (реструктуризация),1577473257.7958333,194619
77,2023-05-01,Действует (частичный выкуп),17081075.549166664,792478
78,2023-05-01,Действует (частичный страховой),24647390.425,1445296
79,2023-05-01,Подписан,30060249.811666667,1297398
84,2023-06-01,Подписан,30060249.811666667,1175818
83,2023-06-01,Действует (частичный страховой),24647390.425,175241
80,2023-06-01,Действует,2054528849.6755555,888104
81,2023-06-01,Действует (реструктуризация),1577473257.7958333,153347
82,2023-06-01,Действует (частичный выкуп),17081075.549166664,1861012
85,2023-07-01,Действует,2054528849.6755555,1260323
86,2023-07-01,Действует (реструктуризация),1577473257.7958333,733133
87,2023-07-01,Действует (частичный выкуп),17081075.549166664,1223165
88,2023-07-01,Действует (частичный страховой),24647390.425,845219
89,2023-07-01,Подписан,30060249.811666667,38199
90,2023-08-01,Действует,2054528849.6755555,1366264
91,2023-08-01,Действует (реструктуризация),1577473257.7958333,828461
92,2023-08-01,Действует (частичный выкуп),17081075.549166664,1203320
93,2023-08-01,Действует (частичный страховой),24647390.425,1175116
94,2023-08-01,Подписан,30060249.811666667,1278811
95,2023-09-01,Действует,2054528849.6755555,1940908
96,2023-09-01,Действует (реструктуризация),1577473257.7958333,253589
97,2023-09-01,Действует (частичный выкуп),17081075.549166664,1089785
98,2023-09-01,Действует (частичный страховой),24647390.425,1538794
99,2023-09-01,Подписан,30060249.811666667,561777
104,2023-10-01,Подписан,30060249.811666667,723212
103,2023-10-01,Действует (частичный страховой),24647390.425,182072
102,2023-10-01,Действует (частичный выкуп),17081075.549166664,489430
100,2023-10-01,Действует,2054528849.6755555,1625714
101,2023-10-01,Действует (реструктуризация),1577473257.7958333,1462684
105,2023-11-01,Действует,2054528849.6755555,498222
106,2023-11-01,Действует (реструктуризация),1577473257.7958333,1620412
107,2023-11-01,Действует (частичный выкуп),17081075.549166664,793288
108,2023-11-01,Действует (частичный страховой),24647390.425,1295649
109,2023-11-01,Подписан,30060249.811666667,1720433
114,2023-12-01,Подписан,30060249.811666667,1187665
113,2023-12-01,Действует (частичный страховой),24647390.425,1988885
111,2023-12-01,Действует (реструктуризация),1577473257.7958333,1031179
110,2023-12-01,Действует,2054528849.6755555,1757864
112,2023-12-01,Действует (частичный выкуп),17081075.549166664,822060
115,2024-01-01,Действует,2054528849.6755555,724059
116,2024-01-01,Действует (реструктуризация),1577473257.7958333,615556
117,2024-01-01,Действует (частичный выкуп),17081075.549166664,1041605
118,2024-01-01,Действует (частичный страховой),24647390.425,1612880
119,2024-01-01,Подписан,30060249.811666667,1630377
124,2024-02-01,Подписан,30060249.811666667,273759
123,2024-02-01,Действует (частичный страховой),24647390.425,1202621
122,2024-02-01,Действует (частичный выкуп),17081075.549166664,1656631
120,2024-02-01,Действует,2054528849.6755555,491951
121,2024-02-01,Действует (реструктуризация),1577473257.7958333,1603882
125,2024-03-01,Действует,2054528849.6755555,467914
126,2024-03-01,Действует (реструктуризация),1577473257.7958333,246551
127,2024-03-01,Действует (частичный выкуп),17081075.549166664,466000
128,2024-03-01,Действует (частичный страховой),24647390.425,1989355
129,2024-03-01,Подписан,30060249.811666667,1923352
134,2024-04-01,Подписан,30060249.811666667,966336
133,2024-04-01,Действует (частичный страховой),24647390.425,688763
130,2024-04-01,Действует,2054528849.6755555,1267791
131,2024-04-01,Действует (реструктуризация),1577473257.7958333,907225
132,2024-04-01,Действует (частичный выкуп),17081075.549166664,1382769
135,2024-05-01,Действует,2054528849.6755555,1579069
136,2024-05-01,Действует (реструктуризация),1577473257.7958333,1030298
137,2024-05-01,Действует (частичный выкуп),17081075.549166664,343612
138,2024-05-01,Действует (частичный страховой),24647390.425,191337
139,2024-05-01,Подписан,30060249.811666667,104872
143,2024-06-01,Действует (частичный страховой),24647390.425,782342
144,2024-06-01,Подписан,30060249.811666667,1016893
142,2024-06-01,Действует (частичный выкуп),17081075.549166664,1001322
140,2024-06-01,Действует,2054528849.6755555,110651
141,2024-06-01,Действует (реструктуризация),1577473257.7958333,1442951
145,2024-07-01,Действует,2054528849.6755555,780191
146,2024-07-01,Действует (реструктуризация),1577473257.7958333,1354017
147,2024-07-01,Действует (частичный выкуп),17081075.549166664,1375434
148,2024-07-01,Действует (частичный страховой),24647390.425,889749
149,2024-07-01,Подписан,30060249.811666667,1554901
154,2024-08-01,Подписан,30060249.811666667,663608
153,2024-08-01,Действует (частичный страховой),24647390.425,1613833
152,2024-08-01,Действует (частичный выкуп),17081075.549166664,550948
150,2024-08-01,Действует,2054528849.6755555,1316064
151,2024-08-01,Действует (реструктуризация),1577473257.7958333,1132513
155,2024-09-01,Действует,2054528849.6755555,563832
156,2024-09-01,Действует (реструктуризация),1577473257.7958333,1278129
157,2024-09-01,Действует (частичный выкуп),17081075.549166664,1297643
158,2024-09-01,Действует (частичный страховой),24647390.425,394074
159,2024-09-01,Подписан,30060249.811666667,1581787
164,2024-10-01,Подписан,30060249.811666667,1497933
163,2024-10-01,Действует (частичный страховой),24647390.425,1499696
160,2024-10-01,Действует,2054528849.6755555,1235712
161,2024-10-01,Действует (реструктуризация),1577473257.7958333,1739656
162,2024-10-01,Действует (частичный выкуп),17081075.549166664,1567134
165,2024-11-01,Действует,2054528849.6755555,963675
166,2024-11-01,Действует (реструктуризация),1577473257.7958333,853265
167,2024-11-01,Действует (частичный выкуп),17081075.549166664,494341
168,2024-11-01,Действует (частичный страховой),24647390.425,746944
169,2024-11-01,Подписан,30060249.811666667,621539
174,2024-12-01,Подписан,30060249.811666667,174474
172,2024-12-01,Действует (частичный выкуп),17081075.549166664,290028
173,2024-12-01,Действует (частичный страховой),24647390.425,204564
170,2024-12-01,Действует,2054528849.6755555,1360808
171,2024-12-01,Действует (реструктуризация),1577473257.7958333,787902
175,2025-01-01,Действует,2054528849.6755555,1789391
176,2025-01-01,Действует (реструктуризация),1577473257.7958333,1903113
177,2025-01-01,Действует (частичный выкуп),17081075.549166664,1285960
178,2025-01-01,Действует (частичный страховой),24647390.425,1739363
179,2025-01-01,Подписан,30060249.811666667,1832944
184,2025-02-01,Подписан,30060249.811666667,1064822
183,2025-02-01,Действует (частичный страховой),24647390.425,222356
182,2025-02-01,Действует (частичный выкуп),17081075.549166664,1101370
181,2025-02-01,Действует (реструктуризация),1577473257.7958333,947422
180,2025-02-01,Действует,2054528849.6755555,1516196
185,2025-03-01,Действует,2054528849.6755555,290628
186,2025-03-01,Действует (реструктуризация),1577473257.7958333,528804
187,2025-03-01,Действует (частичный выкуп),17081075.549166664,1366907
188,2025-03-01,Действует (частичный страховой),24647390.425,349873
189,2025-03-01,Подписан,30060249.811666667,1600776
194,2025-04-01,Подписан,30060249.811666667,625496
193,2025-04-01,Действует (частичный страховой),24647390.425,1826345
191,2025-04-01,Действует (реструктуризация),1577473257.7958333,1662130
190,2025-04-01,Действует,2054528849.6755555,509885
192,2025-04-01,Действует (частичный выкуп),17081075.549166664,1285985
199,2025-05-01,Подписан,30060249.811666667,679470
195,2025-05-01,Действует,2054528849.6755555,297460
196,2025-05-01,Действует (реструктуризация),1577473257.7958333,1022324
197,2025-05-01,Действует (частичный выкуп),17081075.549166664,1403036
198,2025-05-01,Действует (частичный страховой),24647390.425,1347862
204,2025-06-01,Подписан,30060249.811666667,468240
203,2025-06-01,Действует (частичный страховой),24647390.425,1857211
202,2025-06-01,Действует (частичный выкуп),17081075.549166664,522899
200,2025-06-01,Действует,2054528849.6755555,229469
201,2025-06-01,Действует (реструктуризация),1577473257.7958333,478210
205,2025-07-01,Действует,2054528849.6755555,1625926
206,2025-07-01,Действует (реструктуризация),1577473257.7958333,1791155
207,2025-07-01,Действует (частичный выкуп),17081075.549166664,593262
208,2025-07-01,Действует (частичный страховой),24647390.425,605666
209,2025-07-01,Подписан,30060249.811666667,750365
214,2025-08-01,Подписан,30060249.811666667,291863
212,2025-08-01,Действует (частичный выкуп),17081075.549166664,1165204
213,2025-08-01,Действует (частичный страховой),24647390.425,1605674
210,2025-08-01,Действует,2054528849.6755555,285314
211,2025-08-01,Действует (реструктуризация),1577473257.7958333,1106307
215,2025-09-01,Действует,2054528849.6755555,1878873
216,2025-09-01,Действует (реструктуризация),1577473257.7958333,1984818
217,2025-09-01,Действует (частичный выкуп),17081075.549166664,128425
218,2025-09-01,Действует (частичный страховой),24647390.425,1387022
219,2025-09-01,Подписан,30060249.811666667,685685
224,2025-10-01,Подписан,30060249.811666667,1331004
223,2025-10-01,Действует (частичный страховой),24647390.425,1202603
221,2025-10-01,Действует (реструктуризация),1577473257.7958333,1548007
220,2025-10-01,Действует,2054528849.6755555,597103
222,2025-10-01,Действует (частичный выкуп),17081075.549166664,1769607
225,2025-11-01,Действует,2054528849.6755555,105665
226,2025-11-01,Действует (реструктуризация),1577473257.7958333,258271
227,2025-11-01,Действует (частичный выкуп),17081075.549166664,408028
228,2025-11-01,Действует (частичный страховой),24647390.425,1303832
229,2025-11-01,Подписан,30060249.811666667,1620332
234,2025-12-01,Подписан,30060249.811666667,1429327
233,2025-12-01,Действует (частичный страховой),24647390.425,1995436
232,2025-12-01,Действует (частичный выкуп),17081075.549166664,377187
230,2025-12-01,Действует,2054528849.6755555,537048
231,2025-12-01,Действует (реструктуризация),1577473257.7958333,1170209
235,2026-01-01,Действует,2054528849.6755555,306246
236,2026-01-01,Действует (реструктуризация),1577473257.7958333,1766826
237,2026-01-01,Действует (частичный выкуп),17081075.549166664,472216
238,2026-01-01,Действует (частичный страховой),24647390.425,1164585
239,2026-01-01,Подписан,30060249.811666667,975681
244,2026-02-01,Подписан,30060249.811666667,1371134
243,2026-02-01,Действует (частичный страховой),24647390.425,1326453
242,2026-02-01,Действует (частичный выкуп),17081075.549166664,1858586
240,2026-02-01,Действует,2054528849.6755555,1552826
241,2026-02-01,Действует (реструктуризация),1577473257.7958333,1630687
245,2026-03-01,Действует,2054528849.6755555,1140235
246,2026-03-01,Действует (реструктуризация),1577473257.7958333,986396
247,2026-03-01,Действует (частичный выкуп),17081075.549166664,1098934
248,2026-03-01,Действует (частичный страховой),24647390.425,681367
249,2026-03-01,Подписан,30060249.811666667,639076
250,2026-04-01,Действует,2054528849.6755555,1220709
251,2026-04-01,Действует (реструктуризация),1577473257.7958333,943249
252,2026-04-01,Действует (частичный выкуп),17081075.549166664,654693
253,2026-04-01,Действует (частичный страховой),24647390.425,1181696
254,2026-04-01,Подписан,30060249.811666667,483567
255,2026-05-01,Действует,2054528849.6755555,734646
256,2026-05-01,Действует (реструктуризация),1577473257.7958333,53254
257,2026-05-01,Действует (частичный выкуп),17081075.549166664,802459
258,2026-05-01,Действует (частичный страховой),24647390.425,1201466
259,2026-05-01,Подписан,30060249.811666667,92860
264,2026-06-01,Подписан,30060249.811666667,1986402
263,2026-06-01,Действует (частичный страховой),24647390.425,47052
262,2026-06-01,Действует (частичный выкуп),17081075.549166664,1429491
260,2026-06-01,Действует,2054528849.6755555,174924
261,2026-06-01,Действует (реструктуризация),1577473257.7958333,656726
265,2026-07-01,Действует,2054528849.6755555,90458
266,2026-07-01,Действует (реструктуризация),1577473257.7958333,876436
267,2026-07-01,Действует (частичный выкуп),17081075.549166664,992816
268,2026-07-01,Действует (частичный страховой),24647390.425,1003700
269,2026-07-01,Подписан,30060249.811666667,1798143
274,2026-08-01,Подписан,30060249.811666667,1334861
273,2026-08-01,Действует (частичный страховой),24647390.425,1898058
271,2026-08-01,Действует (реструктуризация),1577473257.7958333,734438
270,2026-08-01,Действует,2054528849.6755555,731809
272,2026-08-01,Действует (частичный выкуп),17081075.549166664,1421895
275,2026-09-01,Действует,2054528849.6755555,1282711
276,2026-09-01,Действует (реструктуризация),1577473257.7958333,938397
277,2026-09-01,Действует (частичный выкуп),17081075.549166664,1885276
278,2026-09-01,Действует (частичный страховой),24647390.425,517253
279,2026-09-01,Подписан,30060249.811666667,1493546
284,2026-10-01,Подписан,30060249.811666667,1197526
283,2026-10-01,Действует (частичный страховой),24647390.425,492101
282,2026-10-01,Действует (частичный выкуп),17081075.549166664,1320775
280,2026-10-01,Действует,2054528849.6755555,1501356
281,2026-10-01,Действует (реструктуризация),1577473257.7958333,696015
285,2026-11-01,Действует,2054528849.6755555,1888298
286,2026-11-01,Действует (реструктуризация),1577473257.7958333,1097815
287,2026-11-01,Действует (частичный выкуп),17081075.549166664,1532098
288,2026-11-01,Действует (частичный страховой),24647390.425,1582752
289,2026-11-01,Подписан,30060249.811666667,1966568
294,2026-12-01,Подписан,30060249.811666667,1556643
293,2026-12-01,Действует (частичный страховой),24647390.425,1123132
290,2026-12-01,Действует,2054528849.6755555,1075641
291,2026-12-01,Действует (реструктуризация),1577473257.7958333,1949472
292,2026-12-01,Действует (частичный выкуп),17081075.549166664,534150
295,2027-01-01,Действует,2054528849.6755555,1833984
296,2027-01-01,Действует (реструктуризация),1577473257.7958333,1502795
297,2027-01-01,Действует (частичный выкуп),17081075.549166664,1658069
298,2027-01-01,Действует (частичный страховой),24647390.425,1553891
299,2027-01-01,Подписан,30060249.811666667,1697880
303,2027-02-01,Действует (частичный страховой),24647390.425,1916854
304,2027-02-01,Подписан,30060249.811666667,292443
302,2027-02-01,Действует (частичный выкуп),17081075.549166664,1262153
300,2027-02-01,Действует,2054528849.6755555,576946
301,2027-02-01,Действует (реструктуризация),1577473257.7958333,1596013
305,2027-03-01,Действует,2054528849.6755555,1297796
306,2027-03-01,Действует (реструктуризация),1577473257.7958333,361588
307,2027-03-01,Действует (частичный выкуп),17081075.549166664,1139952
308,2027-03-01,Действует (частичный страховой),24647390.425,584445
309,2027-03-01,Подписан,30060249.811666667,988673
314,2027-04-01,Подписан,30060249.811666667,950968
313,2027-04-01,Действует (частичный страховой),24647390.425,347976
312,2027-04-01,Действует (частичный выкуп),17081075.549166664,435671
310,2027-04-01,Действует,2054528849.6755555,566280
311,2027-04-01,Действует (реструктуризация),1577473257.7958333,40118
315,2027-05-01,Действует,2054528849.6755555,1950713
316,2027-05-01,Действует (реструктуризация),1577473257.7958333,1282514
317,2027-05-01,Действует (частичный выкуп),17081075.549166664,1548947
318,2027-05-01,Действует (частичный страховой),24647390.425,1306057
319,2027-05-01,Подписан,30060249.811666667,1438828
324,2027-06-01,Подписан,30060249.811666667,482428
323,2027-06-01,Действует (частичный страховой),24647390.425,1172304
320,2027-06-01,Действует,2054528849.6755555,761664
321,2027-06-01,Действует (реструктуризация),1577473257.7958333,842825
322,2027-06-01,Действует (частичный выкуп),17081075.549166664,1790897
325,2027-07-01,Действует,2054528849.6755555,1278497
326,2027-07-01,Действует (реструктуризация),1577473257.7958333,478836
327,2027-07-01,Действует (частичный выкуп),17081075.549166664,974179
328,2027-07-01,Действует (частичный страховой),24647390.425,1171115
329,2027-07-01,Подписан,30060249.811666667,369975
334,2027-08-01,Подписан,30060249.811666667,834025
332,2027-08-01,Действует (частичный выкуп),17081075.549166664,1267657
333,2027-08-01,Действует (частичный страховой),24647390.425,1359469
330,2027-08-01,Действует,2054528849.6755555,1625448
331,2027-08-01,Действует (реструктуризация),1577473257.7958333,1213705
335,2027-09-01,Действует,2054528849.6755555,233940
336,2027-09-01,Действует (реструктуризация),1577473257.7958333,1057644
337,2027-09-01,Действует (частичный выкуп),17081075.549166664,1899544
338,2027-09-01,Действует (частичный страховой),24647390.425,1456479
339,2027-09-01,Подписан,30060249.811666667,1588476
344,2027-10-01,Подписан,30060249.811666667,1992226
342,2027-10-01,Действует (частичный выкуп),17081075.549166664,628804
343,2027-10-01,Действует (частичный страховой),24647390.425,470471
340,2027-10-01,Действует,2054528849.6755555,391241
341,2027-10-01,Действует (реструктуризация),1577473257.7958333,1533566
345,2027-11-01,Действует,2054528849.6755555,247019
346,2027-11-01,Действует (реструктуризация),1577473257.7958333,1061348
347,2027-11-01,Действует (частичный выкуп),17081075.549166664,1124437
348,2027-11-01,Действует (частичный страховой),24647390.425,1819193
349,2027-11-01,Подписан,30060249.811666667,345212
352,2027-12-01,Действует (частичный выкуп),17081075.549166664,629231
354,2027-12-01,Подписан,30060249.811666667,1727445
353,2027-12-01,Действует (частичный страховой),24647390.425,1003940
351,2027-12-01,Действует (реструктуризация),1577473257.7958333,1525893
350,2027-12-01,Действует,2054528849.6755555,598329
355,2028-01-01,Действует,2054528849.6755555,1027001
356,2028-01-01,Действует (реструктуризация),1577473257.7958333,720149
357,2028-01-01,Действует (частичный выкуп),17081075.549166664,1708975
358,2028-01-01,Действует (частичный страховой),24647390.425,108497
359,2028-01-01,Подписан,30060249.811666667,1068327
364,2028-02-01,Подписан,30060249.811666667,313824
363,2028-02-01,Действует (частичный страховой),24647390.425,1464564
362,2028-02-01,Действует (частичный выкуп),17081075.549166664,278211
361,2028-02-01,Действует (реструктуризация),1577473257.7958333,1673225
360,2028-02-01,Действует,2054528849.6755555,1617008
365,2028-03-01,Действует,2054528849.6755555,1891850
366,2028-03-01,Действует (реструктуризация),1577473257.7958333,960298
367,2028-03-01,Действует (частичный выкуп),17081075.549166664,1530804
368,2028-03-01,Действует (частичный страховой),24647390.425,1896100
369,2028-03-01,Подписан,30060249.811666667,1587564
374,2028-04-01,Подписан,30060249.811666667,1931595
373,2028-04-01,Действует (частичный страховой),24647390.425,1703342
372,2028-04-01,Действует (частичный выкуп),17081075.549166664,511016
371,2028-04-01,Действует (реструктуризация),1577473257.7958333,900087
370,2028-04-01,Действует,2054528849.6755555,844622
375,2028-05-01,Действует,2054528849.6755555,1524681
376,2028-05-01,Действует (реструктуризация),1577473257.7958333,1826380
377,2028-05-01,Действует (частичный выкуп),17081075.549166664,1594868
378,2028-05-01,Действует (частичный страховой),24647390.425,1098071
379,2028-05-01,Подписан,30060249.811666667,1707931
384,2028-06-01,Подписан,30060249.811666667,1198849
383,2028-06-01,Действует (частичный страховой),24647390.425,1670153
381,2028-06-01,Действует (реструктуризация),1577473257.7958333,256991
380,2028-06-01,Действует,2054528849.6755555,695188
382,2028-06-01,Действует (частичный выкуп),17081075.549166664,127235
385,2028-07-01,Действует,2054528849.6755555,717332
386,2028-07-01,Действует (реструктуризация),1577473257.7958333,480035
387,2028-07-01,Действует (частичный выкуп),17081075.549166664,1932165
388,2028-07-01,Действует (частичный страховой),24647390.425,330881
389,2028-07-01,Подписан,30060249.811666667,1227241
391,2028-08-01,Действует (реструктуризация),1577473257.7958333,1101977
390,2028-08-01,Действует,2054528849.6755555,462772
392,2028-08-01,Действует (частичный выкуп),17081075.549166664,811975
393,2028-08-01,Действует (частичный страховой),24647390.425,1094479
394,2028-08-01,Подписан,30060249.811666667,177943
398,2028-09-01,Действует (частичный страховой),24647390.425,1104424
397,2028-09-01,Действует (частичный выкуп),17081075.549166664,113328
399,2028-09-01,Подписан,30060249.811666667,1173515
395,2028-09-01,Действует,2054528849.6755555,1823765
396,2028-09-01,Действует (реструктуризация),1577473257.7958333,1133314
404,2028-10-01,Подписан,30060249.811666667,1382064
403,2028-10-01,Действует (частичный страховой),24647390.425,1588852
402,2028-10-01,Действует (частичный выкуп),17081075.549166664,628846
400,2028-10-01,Действует,2054528849.6755555,776500
401,2028-10-01,Действует (реструктуризация),1577473257.7958333,1491537
405,2028-11-01,Действует,2054528849.6755555,1967957
406,2028-11-01,Действует (реструктуризация),1577473257.7958333,742426
407,2028-11-01,Действует (частичный выкуп),17081075.549166664,715294
408,2028-11-01,Действует (частичный страховой),24647390.425,222091
409,2028-11-01,Подписан,30060249.811666667,1328454
414,2028-12-01,Подписан,30060249.811666667,693755
412,2028-12-01,Действует (частичный выкуп),17081075.549166664,1119801
413,2028-12-01,Действует (частичный страховой),24647390.425,1444113
410,2028-12-01,Действует,2054528849.6755555,647644
411,2028-12-01,Действует (реструктуризация),1577473257.7958333,1317169
415,2029-01-01,Действует,2054528849.6755555,1881275
416,2029-01-01,Действует (реструктуризация),1577473257.7958333,981939
417,2029-01-01,Действует (частичный выкуп),17081075.549166664,690986
418,2029-01-01,Действует (частичный страховой),24647390.425,1351319
419,2029-01-01,Подписан,30060249.811666667,233182
424,2029-02-01,Подписан,30060249.811666667,108886
422,2029-02-01,Действует (частичный выкуп),17081075.549166664,1638389
423,2029-02-01,Действует (частичный страховой),24647390.425,1697474
421,2029-02-01,Действует (реструктуризация),1577473257.7958333,360062
420,2029-02-01,Действует,2054528849.6755555,1859709
425,2029-03-01,Действует,2054528849.6755555,756970
426,2029-03-01,Действует (реструктуризация),1577473257.7958333,1523138
427,2029-03-01,Действует (частичный выкуп),17081075.549166664,468310
428,2029-03-01,Действует (частичный страховой),24647390.425,226051
429,2029-03-01,Подписан,30060249.811666667,1291406
434,2029-04-01,Подписан,30060249.811666667,1885781
433,2029-04-01,Действует (частичный страховой),24647390.425,1652923
432,2029-04-01,Действует (частичный выкуп),17081075.549166664,1905290
431,2029-04-01,Действует (реструктуризация),1577473257.7958333,148791
430,2029-04-01,Действует,2054528849.6755555,25283
435,2029-05-01,Действует,2054528849.6755555,921622
436,2029-05-01,Действует (реструктуризация),1577473257.7958333,1238983
437,2029-05-01,Действует (частичный выкуп),17081075.549166664,663092
438,2029-05-01,Действует (частичный страховой),24647390.425,862188
439,2029-05-01,Подписан,30060249.811666667,317136
443,2029-06-01,Действует (частичный страховой),24647390.425,1715179
444,2029-06-01,Подписан,30060249.811666667,347998
441,2029-06-01,Действует (реструктуризация),1577473257.7958333,1991054
440,2029-06-01,Действует,2054528849.6755555,1525907
442,2029-06-01,Действует (частичный выкуп),17081075.549166664,1661526
445,2029-07-01,Действует,2054528849.6755555,398247
446,2029-07-01,Действует (реструктуризация),1577473257.7958333,673065
447,2029-07-01,Действует (частичный выкуп),17081075.549166664,870367
448,2029-07-01,Действует (частичный страховой),24647390.425,1128866
449,2029-07-01,Подписан,30060249.811666667,667101
454,2029-08-01,Подписан,30060249.811666667,1472040
453,2029-08-01,Действует (частичный страховой),24647390.425,722371
450,2029-08-01,Действует,2054528849.6755555,328173
451,2029-08-01,Действует (реструктуризация),1577473257.7958333,1602640
452,2029-08-01,Действует (частичный выкуп),17081075.549166664,1084254
455,2029-09-01,Действует,2054528849.6755555,1042198
456,2029-09-01,Действует (реструктуризация),1577473257.7958333,292625
457,2029-09-01,Действует (частичный выкуп),17081075.549166664,1445185
458,2029-09-01,Действует (частичный страховой),24647390.425,256769
459,2029-09-01,Подписан,30060249.811666667,750596
463,2029-10-01,Действует (частичный страховой),24647390.425,342127
464,2029-10-01,Подписан,30060249.811666667,503158
462,2029-10-01,Действует (частичный выкуп),17081075.549166664,1688414
460,2029-10-01,Действует,2054528849.6755555,831223
461,2029-10-01,Действует (реструктуризация),1577473257.7958333,1218913
465,2029-11-01,Действует,2054528849.6755555,149148
466,2029-11-01,Действует (реструктуризация),1577473257.7958333,757776
467,2029-11-01,Действует (частичный выкуп),17081075.549166664,1761781
468,2029-11-01,Действует (частичный страховой),24647390.425,227481
469,2029-11-01,Подписан,30060249.811666667,196336
474,2029-12-01,Подписан,30060249.811666667,140469
473,2029-12-01,Действует (частичный страховой),24647390.425,1623045
472,2029-12-01,Действует (частичный выкуп),17081075.549166664,452235
470,2029-12-01,Действует,2054528849.6755555,1069224
471,2029-12-01,Действует (реструктуризация),1577473257.7958333,1178205
475,2030-01-01,Действует,2054528849.6755555,535319
476,2030-01-01,Действует (реструктуризация),1577473257.7958333,859955
477,2030-01-01,Действует (частичный выкуп),17081075.549166664,675239
478,2030-01-01,Действует (частичный страховой),24647390.425,374391
479,2030-01-01,Подписан,30060249.811666667,1405068
484,2030-02-01,Подписан,30060249.811666667,1619234
483,2030-02-01,Действует (частичный страховой),24647390.425,319389
482,2030-02-01,Действует (частичный выкуп),17081075.549166664,269470
480,2030-02-01,Действует,2054528849.6755555,1163595
481,2030-02-01,Действует (реструктуризация),1577473257.7958333,1284027
485,2030-03-01,Действует,2054528849.6755555,1602449
486,2030-03-01,Действует (реструктуризация),1577473257.7958333,221312
487,2030-03-01,Действует (частичный выкуп),17081075.549166664,323249
488,2030-03-01,Действует (частичный страховой),24647390.425,1454449
489,2030-03-01,Подписан,30060249.811666667,1409764
494,2030-04-01,Подписан,30060249.811666667,1093111
492,2030-04-01,Действует (частичный выкуп),17081075.549166664,238700
493,2030-04-01,Действует (частичный страховой),24647390.425,827120
490,2030-04-01,Действует,2054528849.6755555,1650975
491,2030-04-01,Действует (реструктуризация),1577473257.7958333,97628
495,2030-05-01,Действует,2054528849.6755555,1578621
496,2030-05-01,Действует (реструктуризация),1577473257.7958333,1417647
497,2030-05-01,Действует (частичный выкуп),17081075.549166664,1503296
498,2030-05-01,Действует (частичный страховой),24647390.425,144234
499,2030-05-01,Подписан,30060249.811666667,610369
504,2030-06-01,Подписан,30060249.811666667,429841
503,2030-06-01,Действует (частичный страховой),24647390.425,1059124
502,2030-06-01,Действует (частичный выкуп),17081075.549166664,1873206
501,2030-06-01,Действует (реструктуризация),1577473257.7958333,910490
500,2030-06-01,Действует,2054528849.6755555,1488206
505,2030-07-01,Действует,2054528849.6755555,1106618
506,2030-07-01,Действует (реструктуризация),1577473257.7958333,618556
507,2030-07-01,Действует (частичный выкуп),17081075.549166664,1693814
508,2030-07-01,Действует (частичный страховой),24647390.425,1972615
509,2030-07-01,Подписан,30060249.811666667,20331
514,2030-08-01,Подписан,30060249.811666667,1765872
513,2030-08-01,Действует (частичный страховой),24647390.425,349200
511,2030-08-01,Действует (реструктуризация),1577473257.7958333,1726505
510,2030-08-01,Действует,2054528849.6755555,925679
512,2030-08-01,Действует (частичный выкуп),17081075.549166664,830974
519,2030-09-01,Подписан,30060249.811666667,316030
515,2030-09-01,Действует,2054528849.6755555,440661
516,2030-09-01,Действует (реструктуризация),1577473257.7958333,169325
517,2030-09-01,Действует (частичный выкуп),17081075.549166664,218182
518,2030-09-01,Действует (частичный страховой),24647390.425,1432152
524,2030-10-01,Подписан,30060249.811666667,1207943
523,2030-10-01,Действует (частичный страховой),24647390.425,1567261
522,2030-10-01,Действует (частичный выкуп),17081075.549166664,1735840
520,2030-10-01,Действует,2054528849.6755555,1598833
521,2030-10-01,Действует (реструктуризация),1577473257.7958333,446678
525,2030-11-01,Действует,2054528849.6755555,1181694
526,2030-11-01,Действует (реструктуризация),1577473257.7958333,82177
527,2030-11-01,Действует (частичный выкуп),17081075.549166664,1833006
528,2030-11-01,Действует (частичный страховой),24647390.425,861127
529,2030-11-01,Подписан,30060249.811666667,936989
534,2030-12-01,Подписан,30060249.811666667,443881
532,2030-12-01,Действует (частичный выкуп),17081075.549166664,1565132
533,2030-12-01,Действует (частичный страховой),24647390.425,956472
530,2030-12-01,Действует,2054528849.6755555,1164731
531,2030-12-01,Действует (реструктуризация),1577473257.7958333,968137
535,2031-01-01,Действует,2054528849.6755555,1541380
536,2031-01-01,Действует (реструктуризация),1577473257.7958333,1937247
537,2031-01-01,Действует (частичный выкуп),17081075.549166664,1955204
538,2031-01-01,Действует (частичный страховой),24647390.425,1014355
539,2031-01-01,Подписан,30060249.811666667,885285
544,2031-02-01,Подписан,30060249.811666667,1941807
543,2031-02-01,Действует (частичный страховой),24647390.425,828620
541,2031-02-01,Действует (реструктуризация),1577473257.7958333,1700715
540,2031-02-01,Действует,2054528849.6755555,1086107
542,2031-02-01,Действует (частичный выкуп),17081075.549166664,1165557
545,2031-03-01,Действует,2054528849.6755555,308580
546,2031-03-01,Действует (реструктуризация),1577473257.7958333,1286594
547,2031-03-01,Действует (частичный выкуп),17081075.549166664,1384817
548,2031-03-01,Действует (частичный страховой),24647390.425,1930770
549,2031-03-01,Подписан,30060249.811666667,133872
554,2031-04-01,Подписан,30060249.811666667,1157633
553,2031-04-01,Действует (частичный страховой),24647390.425,1553278
552,2031-04-01,Действует (частичный выкуп),17081075.549166664,889575
550,2031-04-01,Действует,2054528849.6755555,1646939
551,2031-04-01,Действует (реструктуризация),1577473257.7958333,1786447
555,2031-05-01,Действует,2054528849.6755555,1860355
556,2031-05-01,Действует (реструктуризация),1577473257.7958333,400346
557,2031-05-01,Действует (частичный выкуп),17081075.549166664,1698720
558,2031-05-01,Действует (частичный страховой),24647390.425,205223
559,2031-05-01,Подписан,30060249.811666667,1696375
564,2031-06-01,Подписан,30060249.811666667,421344
563,2031-06-01,Действует (частичный страховой),24647390.425,226647
562,2031-06-01,Действует (частичный выкуп),17081075.549166664,1021012
560,2031-06-01,Действует,2054528849.6755555,370174
561,2031-06-01,Действует (реструктуризация),1577473257.7958333,762497
565,2031-07-01,Действует,2054528849.6755555,423685
566,2031-07-01,Действует (реструктуризация),1577473257.7958333,1805966
567,2031-07-01,Действует (частичный выкуп),17081075.549166664,1185042
568,2031-07-01,Действует (частичный страховой),24647390.425,1980002
569,2031-07-01,Подписан,30060249.811666667,320408
570,2031-08-01,Действует,2054528849.6755555,1087073
571,2031-08-01,Действует (реструктуризация),1577473257.7958333,891879
572,2031-08-01,Действует (частичный выкуп),17081075.549166664,1960169
573,2031-08-01,Действует (частичный страховой),24647390.425,35524
574,2031-08-01,Подписан,30060249.811666667,1706397
575,2031-09-01,Действует,2054528849.6755555,1062994
576,2031-09-01,Действует (реструктуризация),1577473257.7958333,1711211
577,2031-09-01,Действует (частичный выкуп),17081075.549166664,1802155
578,2031-09-01,Действует (частичный страховой),24647390.425,138875
579,2031-09-01,Подписан,30060249.811666667,966474
584,2031-10-01,Подписан,30060249.811666667,1061776
583,2031-10-01,Действует (частичный страховой),24647390.425,1260568
582,2031-10-01,Действует (частичный выкуп),17081075.549166664,200522
580,2031-10-01,Действует,2054528849.6755555,1333506
581,2031-10-01,Действует (реструктуризация),1577473257.7958333,318614
585,2031-11-01,Действует,2054528849.6755555,414197
586,2031-11-01,Действует (реструктуризация),1577473257.7958333,317569
587,2031-11-01,Действует (частичный выкуп),17081075.549166664,1547141
588,2031-11-01,Действует (частичный страховой),24647390.425,727886
589,2031-11-01,Подписан,30060249.811666667,373681
594,2031-12-01,Подписан,30060249.811666667,1303532
593,2031-12-01,Действует (частичный страховой),24647390.425,1993408
591,2031-12-01,Действует (реструктуризация),1577473257.7958333,1886206
590,2031-12-01,Действует,2054528849.6755555,632821
592,2031-12-01,Действует (частичный выкуп),17081075.549166664,1718873
595,2032-01-01,Действует,2054528849.6755555,243381
596,2032-01-01,Действует (реструктуризация),1577473257.7958333,1584960
597,2032-01-01,Действует (частичный выкуп),17081075.549166664,1224555
598,2032-01-01,Действует (частичный страховой),24647390.425,1940401
599,2032-01-01,Подписан,30060249.811666667,1407559
604,2032-02-01,Подписан,30060249.811666667,1266064
603,2032-02-01,Действует (частичный страховой),24647390.425,291397
602,2032-02-01,Действует (частичный выкуп),17081075.549166664,915473
600,2032-02-01,Действует,2054528849.6755555,1614499
601,2032-02-01,Действует (реструктуризация),1577473257.7958333,1957356
605,2032-03-01,Действует,2054528849.6755555,1085707
606,2032-03-01,Действует (реструктуризация),1577473257.7958333,1458552
607,2032-03-01,Действует (частичный выкуп),17081075.549166664,394472
608,2032-03-01,Действует (частичный страховой),24647390.425,84640
609,2032-03-01,Подписан,30060249.811666667,120063
614,2032-04-01,Подписан,30060249.811666667,856400
613,2032-04-01,Действует (частичный страховой),24647390.425,207749
610,2032-04-01,Действует,2054528849.6755555,934684
611,2032-04-01,Действует (реструктуризация),1577473257.7958333,1955876
612,2032-04-01,Действует (частичный выкуп),17081075.549166664,1765025
615,2032-05-01,Действует,2054528849.6755555,1531082
616,2032-05-01,Действует (реструктуризация),1577473257.7958333,1538256
617,2032-05-01,Действует (частичный выкуп),17081075.549166664,276670
618,2032-05-01,Действует (частичный страховой),24647390.425,161859
619,2032-05-01,Подписан,30060249.811666667,573086
623,2032-06-01,Действует (частичный страховой),24647390.425,1734061
624,2032-06-01,Подписан,30060249.811666667,29014
622,2032-06-01,Действует (частичный выкуп),17081075.549166664,1269940
620,2032-06-01,Действует,2054528849.6755555,1456516
621,2032-06-01,Действует (реструктуризация),1577473257.7958333,1230253
625,2032-07-01,Действует,2054528849.6755555,184543
626,2032-07-01,Действует (реструктуризация),1577473257.7958333,1444929
627,2032-07-01,Действует (частичный выкуп),17081075.549166664,1045236
628,2032-07-01,Действует (частичный страховой),24647390.425,745827
629,2032-07-01,Подписан,30060249.811666667,1723501
634,2032-08-01,Подписан,30060249.811666667,1095372
633,2032-08-01,Действует (частичный страховой),24647390.425,600989
632,2032-08-01,Действует (частичный выкуп),17081075.549166664,638853
630,2032-08-01,Действует,2054528849.6755555,1308162
631,2032-08-01,Действует (реструктуризация),1577473257.7958333,1445329
635,2032-09-01,Действует,2054528849.6755555,753417
636,2032-09-01,Действует (реструктуризация),1577473257.7958333,90503
637,2032-09-01,Действует (частичный выкуп),17081075.549166664,769118
638,2032-09-01,Действует (частичный страховой),24647390.425,1568513
639,2032-09-01,Подписан,30060249.811666667,1003418
643,2032-10-01,Действует (частичный страховой),24647390.425,1047174
642,2032-10-01,Действует (частичный выкуп),17081075.549166664,1999642
644,2032-10-01,Подписан,30060249.811666667,1195787
640,2032-10-01,Действует,2054528849.6755555,1674309
641,2032-10-01,Действует (реструктуризация),1577473257.7958333,1263457
645,2032-11-01,Действует,2054528849.6755555,1177499
646,2032-11-01,Действует (реструктуризация),1577473257.7958333,1962255
647,2032-11-01,Действует (частичный выкуп),17081075.549166664,458476
648,2032-11-01,Действует (частичный страховой),24647390.425,1234125
649,2032-11-01,Подписан,30060249.811666667,1492009
654,2032-12-01,Подписан,30060249.811666667,131426
652,2032-12-01,Действует (частичный выкуп),17081075.549166664,1477435
653,2032-12-01,Действует (частичный страховой),24647390.425,606092
650,2032-12-01,Действует,2054528849.6755555,785075
651,2032-12-01,Действует (реструктуризация),1577473257.7958333,1263734
655,2033-01-01,Действует,2054528849.6755555,1625074
656,2033-01-01,Действует (реструктуризация),1577473257.7958333,521116
657,2033-01-01,Действует (частичный выкуп),17081075.549166664,455805
658,2033-01-01,Действует (частичный страховой),24647390.425,329052
659,2033-01-01,Подписан,30060249.811666667,1996968
664,2033-02-01,Подписан,30060249.811666667,555677
662,2033-02-01,Действует (частичный выкуп),17081075.549166664,1773111
663,2033-02-01,Действует (частичный страховой),24647390.425,1840240
660,2033-02-01,Действует,2054528849.6755555,1020009
661,2033-02-01,Действует (реструктуризация),1577473257.7958333,272591
665,2033-03-01,Действует,2054528849.6755555,1093840
666,2033-03-01,Действует (реструктуризация),1577473257.7958333,78861
667,2033-03-01,Действует (частичный выкуп),17081075.549166664,351085
668,2033-03-01,Действует (частичный страховой),24647390.425,1634311
669,2033-03-01,Подписан,30060249.811666667,780270
672,2033-04-01,Действует (частичный выкуп),17081075.549166664,448477
674,2033-04-01,Подписан,30060249.811666667,323008
673,2033-04-01,Действует (частичный страховой),24647390.425,489168
671,2033-04-01,Действует (реструктуризация),1577473257.7958333,1456188
670,2033-04-01,Действует,2054528849.6755555,43355
675,2033-05-01,Действует,2054528849.6755555,611297
676,2033-05-01,Действует (реструктуризация),1577473257.7958333,102275
677,2033-05-01,Действует (частичный выкуп),17081075.549166664,1402339
678,2033-05-01,Действует (частичный страховой),24647390.425,1852488
679,2033-05-01,Подписан,30060249.811666667,1483108
684,2033-06-01,Подписан,30060249.811666667,498146
682,2033-06-01,Действует (частичный выкуп),17081075.549166664,347812
683,2033-06-01,Действует (частичный страховой),24647390.425,1483608
681,2033-06-01,Действует (реструктуризация),1577473257.7958333,653566
680,2033-06-01,Действует,2054528849.6755555,35007
685,2033-07-01,Действует,2054528849.6755555,336191
686,2033-07-01,Действует (реструктуризация),1577473257.7958333,539967
687,2033-07-01,Действует (частичный выкуп),17081075.549166664,1792104
688,2033-07-01,Действует (частичный страховой),24647390.425,1753568
689,2033-07-01,Подписан,30060249.811666667,1862552
694,2033-08-01,Подписан,30060249.811666667,1047195
693,2033-08-01,Действует (частичный страховой),24647390.425,1651734
692,2033-08-01,Действует (частичный выкуп),17081075.549166664,371377
691,2033-08-01,Действует (реструктуризация),1577473257.7958333,1528340
690,2033-08-01,Действует,2054528849.6755555,497413
695,2033-09-01,Действует,2054528849.6755555,1271322
696,2033-09-01,Действует (реструктуризация),1577473257.7958333,890032
697,2033-09-01,Действует (частичный выкуп),17081075.549166664,1544749
698,2033-09-01,Действует (частичный страховой),24647390.425,1745120
699,2033-09-01,Подписан,30060249.811666667,1839449
704,2033-10-01,Подписан,30060249.811666667,1109226
703,2033-10-01,Действует (частичный страховой),24647390.425,1637645
702,2033-10-01,Действует (частичный выкуп),17081075.549166664,1769434
701,2033-10-01,Действует (реструктуризация),1577473257.7958333,525651
700,2033-10-01,Действует,2054528849.6755555,518503
705,2033-11-01,Действует,2054528849.6755555,1895413
706,2033-11-01,Действует (реструктуризация),1577473257.7958333,1838053
707,2033-11-01,Действует (частичный выкуп),17081075.549166664,236637
708,2033-11-01,Действует (частичный страховой),24647390.425,1834982
709,2033-11-01,Подписан,30060249.811666667,1139261
710,2033-12-01,Действует,2054528849.6755555,1721172
711,2033-12-01,Действует (реструктуризация),1577473257.7958333,595593
712,2033-12-01,Действует (частичный выкуп),17081075.549166664,1440979
713,2033-12-01,Действует (частичный страховой),24647390.425,778705
714,2033-12-01,Подписан,30060249.811666667,55555
715,2034-01-01,Действует,2054528849.6755555,1355026
716,2034-01-01,Действует (реструктуризация),1577473257.7958333,203487
717,2034-01-01,Действует (частичный выкуп),17081075.549166664,1507869
718,2034-01-01,Действует (частичный страховой),24647390.425,757313
719,2034-01-01,Подписан,30060249.811666667,1984644
724,2034-02-01,Подписан,30060249.811666667,769197
722,2034-02-01,Действует (частичный выкуп),17081075.549166664,474240
723,2034-02-01,Действует (частичный страховой),24647390.425,100141
721,2034-02-01,Действует (реструктуризация),1577473257.7958333,1764970
720,2034-02-01,Действует,2054528849.6755555,1812830
725,2034-03-01,Действует,2054528849.6755555,1700023
726,2034-03-01,Действует (реструктуризация),1577473257.7958333,54274
727,2034-03-01,Действует (частичный выкуп),17081075.549166664,1509139
728,2034-03-01,Действует (частичный страховой),24647390.425,661353
729,2034-03-01,Подписан,30060249.811666667,1663370
734,2034-04-01,Подписан,30060249.811666667,1013196
733,2034-04-01,Действует (частичный страховой),24647390.425,1262767
732,2034-04-01,Действует (частичный выкуп),17081075.549166664,1802026
731,2034-04-01,Действует (реструктуризация),1577473257.7958333,1407797
730,2034-04-01,Действует,2054528849.6755555,501045
735,2034-05-01,Действует,2054528849.6755555,1064800
736,2034-05-01,Действует (реструктуризация),1577473257.7958333,1472401
737,2034-05-01,Действует (частичный выкуп),17081075.549166664,894825
738,2034-05-01,Действует (частичный страховой),24647390.425,1200634
739,2034-05-01,Подписан,30060249.811666667,391578
744,2034-06-01,Подписан,30060249.811666667,418214
743,2034-06-01,Действует (частичный страховой),24647390.425,1660620
742,2034-06-01,Действует (частичный выкуп),17081075.549166664,1849594
741,2034-06-01,Действует (реструктуризация),1577473257.7958333,1140980
740,2034-06-01,Действует,2054528849.6755555,597978
745,2034-07-01,Действует,2054528849.6755555,353853
746,2034-07-01,Действует (реструктуризация),1577473257.7958333,539209
747,2034-07-01,Действует (частичный выкуп),17081075.549166664,1334431
748,2034-07-01,Действует (частичный страховой),24647390.425,1517946
749,2034-07-01,Подписан,30060249.811666667,743092
754,2034-08-01,Подписан,30060249.811666667,1628307
753,2034-08-01,Действует (частичный страховой),24647390.425,1913106
752,2034-08-01,Действует (частичный выкуп),17081075.549166664,1559501
751,2034-08-01,Действует (реструктуризация),1577473257.7958333,225211
750,2034-08-01,Действует,2054528849.6755555,935819
755,2034-09-01,Действует,2054528849.6755555,79173
756,2034-09-01,Действует (реструктуризация),1577473257.7958333,1117592
757,2034-09-01,Действует (частичный выкуп),17081075.549166664,474316
758,2034-09-01,Действует (частичный страховой),24647390.425,547597
759,2034-09-01,Подписан,30060249.811666667,1463422
764,2034-10-01,Подписан,30060249.811666667,1780968
763,2034-10-01,Действует (частичный страховой),24647390.425,1391547
762,2034-10-01,Действует (частичный выкуп),17081075.549166664,1125013
761,2034-10-01,Действует (реструктуризация),1577473257.7958333,1059423
760,2034-10-01,Действует,2054528849.6755555,20624
765,2034-11-01,Действует,2054528849.6755555,408426
766,2034-11-01,Действует (реструктуризация),1577473257.7958333,1800487
767,2034-11-01,Действует (частичный выкуп),17081075.549166664,766576
768,2034-11-01,Действует (частичный страховой),24647390.425,1953596
769,2034-11-01,Подписан,30060249.811666667,94895
774,2034-12-01,Подписан,30060249.811666667,758479
773,2034-12-01,Действует (частичный страховой),24647390.425,989882
772,2034-12-01,Действует (частичный выкуп),17081075.549166664,1015027
771,2034-12-01,Действует (реструктуризация),1577473257.7958333,1532861
770,2034-12-01,Действует,2054528849.6755555,888952
775,2035-01-01,Действует,2054528849.6755555,1994815
776,2035-01-01,Действует (реструктуризация),1577473257.7958333,448239
777,2035-01-01,Действует (частичный выкуп),17081075.549166664,681646
778,2035-01-01,Действует (частичный страховой),24647390.425,1336979
779,2035-01-01,Подписан,30060249.811666667,276597
784,2035-02-01,Подписан,30060249.811666667,1025418
783,2035-02-01,Действует (частичный страховой),24647390.425,1228441
781,2035-02-01,Действует (реструктуризация),1577473257.7958333,135438
780,2035-02-01,Действует,2054528849.6755555,1560427
782,2035-02-01,Действует (частичный выкуп),17081075.549166664,1267856
785,2035-03-01,Действует,2054528849.6755555,1341035
786,2035-03-01,Действует (реструктуризация),1577473257.7958333,513526
787,2035-03-01,Действует (частичный выкуп),17081075.549166664,1631544
788,2035-03-01,Действует (частичный страховой),24647390.425,1317008
789,2035-03-01,Подписан,30060249.811666667,1730924
791,2035-04-01,Действует (реструктуризация),1577473257.7958333,895831
790,2035-04-01,Действует,2054528849.6755555,609823
792,2035-04-01,Действует (частичный выкуп),17081075.549166664,295773
793,2035-04-01,Действует (частичный страховой),24647390.425,634769
794,2035-04-01,Подписан,30060249.811666667,1706191
797,2035-05-01,Действует (частичный выкуп),17081075.549166664,265891
798,2035-05-01,Действует (частичный страховой),24647390.425,767876
795,2035-05-01,Действует,2054528849.6755555,976242
796,2035-05-01,Действует (реструктуризация),1577473257.7958333,1521141
799,2035-05-01,Подписан,30060249.811666667,334216
803,2035-06-01,Действует (частичный страховой),24647390.425,1344422
802,2035-06-01,Действует (частичный выкуп),17081075.549166664,1766161
804,2035-06-01,Подписан,30060249.811666667,722215
800,2035-06-01,Действует,2054528849.6755555,858193
801,2035-06-01,Действует (реструктуризация),1577473257.7958333,999185
809,2035-07-01,Подписан,30060249.811666667,698449
808,2035-07-01,Действует (частичный страховой),24647390.425,1024965
805,2035-07-01,Действует,2054528849.6755555,803727
806,2035-07-01,Действует (реструктуризация),1577473257.7958333,1676182
807,2035-07-01,Действует (частичный выкуп),17081075.549166664,102234
810,2035-08-01,Действует,2054528849.6755555,1439045
811,2035-08-01,Действует (реструктуризация),1577473257.7958333,1154301
812,2035-08-01,Действует (частичный выкуп),17081075.549166664,568605
813,2035-08-01,Действует (частичный страховой),24647390.425,1356381
814,2035-08-01,Подписан,30060249.811666667,1482846
815,2035-09-01,Действует,2054528849.6755555,223265
816,2035-09-01,Действует (реструктуризация),1577473257.7958333,958987
817,2035-09-01,Действует (частичный выкуп),17081075.549166664,1002757
818,2035-09-01,Действует (частичный страховой),24647390.425,1773084
819,2035-09-01,Подписан,30060249.811666667,661345
823,2035-10-01,Действует (частичный страховой),24647390.425,1688387
822,2035-10-01,Действует (частичный выкуп),17081075.549166664,1641884
824,2035-10-01,Подписан,30060249.811666667,1833346
820,2035-10-01,Действует,2054528849.6755555,144819
821,2035-10-01,Действует (реструктуризация),1577473257.7958333,783704
825,2035-11-01,Действует,2054528849.6755555,1018436
826,2035-11-01,Действует (реструктуризация),1577473257.7958333,1291034
827,2035-11-01,Действует (частичный выкуп),17081075.549166664,1453136
828,2035-11-01,Действует (частичный страховой),24647390.425,1189895
829,2035-11-01,Подписан,30060249.811666667,1386671
834,2035-12-01,Подписан,30060249.811666667,362262
833,2035-12-01,Действует (частичный страховой),24647390.425,1986073
832,2035-12-01,Действует (частичный выкуп),17081075.549166664,1091057
830,2035-12-01,Действует,2054528849.6755555,160847
831,2035-12-01,Действует (реструктуризация),1577473257.7958333,520751
835,2036-01-01,Действует,2054528849.6755555,385709
836,2036-01-01,Действует (реструктуризация),1577473257.7958333,952668
837,2036-01-01,Действует (частичный выкуп),17081075.549166664,1859133
838,2036-01-01,Действует (частичный страховой),24647390.425,1746122
839,2036-01-01,Подписан,30060249.811666667,877485
843,2036-02-01,Действует (частичный страховой),24647390.425,319688
842,2036-02-01,Действует (частичный выкуп),17081075.549166664,771858
844,2036-02-01,Подписан,30060249.811666667,1588124
840,2036-02-01,Действует,2054528849.6755555,713155
841,2036-02-01,Действует (реструктуризация),1577473257.7958333,1752888
845,2036-03-01,Действует,2054528849.6755555,591375
846,2036-03-01,Действует (реструктуризация),1577473257.7958333,1284423
847,2036-03-01,Действует (частичный выкуп),17081075.549166664,463941
848,2036-03-01,Действует (частичный страховой),24647390.425,1323288
849,2036-03-01,Подписан,30060249.811666667,1236896
854,2036-04-01,Подписан,30060249.811666667,1643271
853,2036-04-01,Действует (частичный страховой),24647390.425,932299
850,2036-04-01,Действует,2054528849.6755555,1933664
851,2036-04-01,Действует (реструктуризация),1577473257.7958333,344923
852,2036-04-01,Действует (частичный выкуп),17081075.549166664,1791931
855,2036-05-01,Действует,2054528849.6755555,1378840
856,2036-05-01,Действует (реструктуризация),1577473257.7958333,445553
857,2036-05-01,Действует (частичный выкуп),17081075.549166664,416686
858,2036-05-01,Действует (частичный страховой),24647390.425,1035978
859,2036-05-01,Подписан,30060249.811666667,900405
863,2036-06-01,Действует (частичный страховой),24647390.425,44890
864,2036-06-01,Подписан,30060249.811666667,1308962
862,2036-06-01,Действует (частичный выкуп),17081075.549166664,1083930
860,2036-06-01,Действует,2054528849.6755555,1875959
861,2036-06-01,Действует (реструктуризация),1577473257.7958333,473912
865,2036-07-01,Действует,2054528849.6755555,777931
866,2036-07-01,Действует (реструктуризация),1577473257.7958333,554489
867,2036-07-01,Действует (частичный выкуп),17081075.549166664,1020576
868,2036-07-01,Действует (частичный страховой),24647390.425,275528
869,2036-07-01,Подписан,30060249.811666667,887935
874,2036-08-01,Подписан,30060249.811666667,1833563
873,2036-08-01,Действует (частичный страховой),24647390.425,422641
872,2036-08-01,Действует (частичный выкуп),17081075.549166664,1329909
870,2036-08-01,Действует,2054528849.6755555,293374
871,2036-08-01,Действует (реструктуризация),1577473257.7958333,493565
875,2036-09-01,Действует,2054528849.6755555,1969380
876,2036-09-01,Действует (реструктуризация),1577473257.7958333,778804
877,2036-09-01,Действует (частичный выкуп),17081075.549166664,596314
878,2036-09-01,Действует (частичный страховой),24647390.425,78220
879,2036-09-01,Подписан,30060249.811666667,1687126
883,2036-10-01,Действует (частичный страховой),24647390.425,855904
882,2036-10-01,Действует (частичный выкуп),17081075.549166664,612615
884,2036-10-01,Подписан,30060249.811666667,882473
880,2036-10-01,Действует,2054528849.6755555,1894342
881,2036-10-01,Действует (реструктуризация),1577473257.7958333,952877
889,2036-11-01,Подписан,30060249.811666667,818825
888,2036-11-01,Действует (частичный страховой),24647390.425,566596
887,2036-11-01,Действует (частичный выкуп),17081075.549166664,1512743
886,2036-11-01,Действует (реструктуризация),1577473257.7958333,1442080
885,2036-11-01,Действует,2054528849.6755555,790952
890,2036-12-01,Действует,2054528849.6755555,60715
891,2036-12-01,Действует (реструктуризация),1577473257.7958333,1915263
892,2036-12-01,Действует (частичный выкуп),17081075.549166664,165009
893,2036-12-01,Действует (частичный страховой),24647390.425,1468136
894,2036-12-01,Подписан,30060249.811666667,74382
895,2037-01-01,Действует,2054528849.6755555,1373406
896,2037-01-01,Действует (реструктуризация),1577473257.7958333,223447
897,2037-01-01,Действует (частичный выкуп),17081075.549166664,1698627
898,2037-01-01,Действует (частичный страховой),24647390.425,1271084
899,2037-01-01,Подписан,30060249.811666667,884903
903,2037-02-01,Действует (частичный страховой),24647390.425,1196155
902,2037-02-01,Действует (частичный выкуп),17081075.549166664,930294
904,2037-02-01,Подписан,30060249.811666667,435575
900,2037-02-01,Действует,2054528849.6755555,1844191
901,2037-02-01,Действует (реструктуризация),1577473257.7958333,332224
905,2037-03-01,Действует,2054528849.6755555,315433
906,2037-03-01,Действует (реструктуризация),1577473257.7958333,464125
907,2037-03-01,Действует (частичный выкуп),17081075.549166664,384548
908,2037-03-01,Действует (частичный страховой),24647390.425,209428
909,2037-03-01,Подписан,30060249.811666667,1424979
914,2037-04-01,Подписан,30060249.811666667,1892144
913,2037-04-01,Действует (частичный страховой),24647390.425,1517418
912,2037-04-01,Действует (частичный выкуп),17081075.549166664,1266104
910,2037-04-01,Действует,2054528849.6755555,111576
911,2037-04-01,Действует (реструктуризация),1577473257.7958333,33878
915,2037-05-01,Действует,2054528849.6755555,1750227
916,2037-05-01,Действует (реструктуризация),1577473257.7958333,941599
917,2037-05-01,Действует (частичный выкуп),17081075.549166664,798283
918,2037-05-01,Действует (частичный страховой),24647390.425,1705531
919,2037-05-01,Подписан,30060249.811666667,1090952
923,2037-06-01,Действует (частичный страховой),24647390.425,1291318
922,2037-06-01,Действует (частичный выкуп),17081075.549166664,817342
924,2037-06-01,Подписан,30060249.811666667,894102
920,2037-06-01,Действует,2054528849.6755555,768066
921,2037-06-01,Действует (реструктуризация),1577473257.7958333,1737687
929,2037-07-01,Подписан,30060249.811666667,123177
928,2037-07-01,Действует (частичный страховой),24647390.425,495929
927,2037-07-01,Действует (частичный выкуп),17081075.549166664,1980961
926,2037-07-01,Действует (реструктуризация),1577473257.7958333,803294
925,2037-07-01,Действует,2054528849.6755555,932494
930,2037-08-01,Действует,2054528849.6755555,231771
931,2037-08-01,Действует (реструктуризация),1577473257.7958333,665086
932,2037-08-01,Действует (частичный выкуп),17081075.549166664,462185
933,2037-08-01,Действует (частичный страховой),24647390.425,759232
934,2037-08-01,Подписан,30060249.811666667,842517
935,2037-09-01,Действует,2054528849.6755555,1420955
936,2037-09-01,Действует (реструктуризация),1577473257.7958333,1844168
937,2037-09-01,Действует (частичный выкуп),17081075.549166664,1342473
938,2037-09-01,Действует (частичный страховой),24647390.425,885730
939,2037-09-01,Подписан,30060249.811666667,147324
943,2037-10-01,Действует (частичный страховой),24647390.425,1927631
942,2037-10-01,Действует (частичный выкуп),17081075.549166664,1250121
944,2037-10-01,Подписан,30060249.811666667,1560225
940,2037-10-01,Действует,2054528849.6755555,1968473
941,2037-10-01,Действует (реструктуризация),1577473257.7958333,1721251
949,2037-11-01,Подписан,30060249.811666667,782626
948,2037-11-01,Действует (частичный страховой),24647390.425,1945336
947,2037-11-01,Действует (частичный выкуп),17081075.549166664,1410421
946,2037-11-01,Действует (реструктуризация),1577473257.7958333,1672293
945,2037-11-01,Действует,2054528849.6755555,937970
953,2037-12-01,Действует (частичный страховой),24647390.425,1862479
952,2037-12-01,Действует (частичный выкуп),17081075.549166664,245742
954,2037-12-01,Подписан,30060249.811666667,81377
950,2037-12-01,Действует,2054528849.6755555,949627
951,2037-12-01,Действует (реструктуризация),1577473257.7958333,841886
955,2038-01-01,Действует,2054528849.6755555,1989699
956,2038-01-01,Действует (реструктуризация),1577473257.7958333,1504847
958,2038-01-01,Действует (частичный страховой),24647390.425,35984
959,2038-01-01,Подписан,30060249.811666667,1807312
957,2038-01-01,Действует (частичный выкуп),17081075.549166664,919321
960,2038-02-01,Действует,2054528849.6755555,1724216
961,2038-02-01,Действует (реструктуризация),1577473257.7958333,490786
962,2038-02-01,Действует (частичный выкуп),17081075.549166664,1972748
963,2038-02-01,Действует (частичный страховой),24647390.425,1620951
964,2038-02-01,Подписан,30060249.811666667,872615
968,2038-03-01,Действует (частичный страховой),24647390.425,1767002
969,2038-03-01,Подписан,30060249.811666667,120779
966,2038-03-01,Действует (реструктуризация),1577473257.7958333,1672518
965,2038-03-01,Действует,2054528849.6755555,1415649
967,2038-03-01,Действует (частичный выкуп),17081075.549166664,635576
970,2038-04-01,Действует,2054528849.6755555,578538
971,2038-04-01,Действует (реструктуризация),1577473257.7958333,612535
972,2038-04-01,Действует (частичный выкуп),17081075.549166664,1423386
973,2038-04-01,Действует (частичный страховой),24647390.425,1782863
974,2038-04-01,Подписан,30060249.811666667,1170438
979,2038-05-01,Подписан,30060249.811666667,961125
977,2038-05-01,Действует (частичный выкуп),17081075.549166664,1941113
978,2038-05-01,Действует (частичный страховой),24647390.425,1351137
975,2038-05-01,Действует,2054528849.6755555,1353902
976,2038-05-01,Действует (реструктуризация),1577473257.7958333,1074695
980,2038-06-01,Действует,2054528849.6755555,1413230
981,2038-06-01,Действует (реструктуризация),1577473257.7958333,1273458
982,2038-06-01,Действует (частичный выкуп),17081075.549166664,1019404
983,2038-06-01,Действует (частичный страховой),24647390.425,909968
984,2038-06-01,Подписан,30060249.811666667,1515968
989,2038-07-01,Подписан,30060249.811666667,239609
988,2038-07-01,Действует (частичный страховой),24647390.425,113692
987,2038-07-01,Действует (частичный выкуп),17081075.549166664,948429
986,2038-07-01,Действует (реструктуризация),1577473257.7958333,732264
985,2038-07-01,Действует,2054528849.6755555,1186557
990,2038-08-01,Действует,2054528849.6755555,1925719
991,2038-08-01,Действует (реструктуризация),1577473257.7958333,687709
992,2038-08-01,Действует (частичный выкуп),17081075.549166664,1319639
993,2038-08-01,Действует (частичный страховой),24647390.425,1900956
994,2038-08-01,Подписан,30060249.811666667,1642881
999,2038-09-01,Подписан,30060249.811666667,663692
998,2038-09-01,Действует (частичный страховой),24647390.425,1925763
996,2038-09-01,Действует (реструктуризация),1577473257.7958333,31014
995,2038-09-01,Действует,2054528849.6755555,1983046
997,2038-09-01,Действует (частичный выкуп),17081075.549166664,1074617
1004,2038-10-01,Подписан,30060249.811666667,1343978
1000,2038-10-01,Действует,2054528849.6755555,1001778
1001,2038-10-01,Действует (реструктуризация),1577473257.7958333,1655877
1002,2038-10-01,Действует (частичный выкуп),17081075.549166664,1924831
1003,2038-10-01,Действует (частичный страховой),24647390.425,1541065
1009,2038-11-01,Подписан,30060249.811666667,314774
1008,2038-11-01,Действует (частичный страховой),24647390.425,1806511
1007,2038-11-01,Действует (частичный выкуп),17081075.549166664,1616860
1005,2038-11-01,Действует,2054528849.6755555,540848
1006,2038-11-01,Действует (реструктуризация),1577473257.7958333,853974
1010,2038-12-01,Действует,2054528849.6755555,1798896
1011,2038-12-01,Действует (реструктуризация),1577473257.7958333,1591628
1012,2038-12-01,Действует (частичный выкуп),17081075.549166664,1407230
1013,2038-12-01,Действует (частичный страховой),24647390.425,1018980
1014,2038-12-01,Подписан,30060249.811666667,320175
1019,2039-01-01,Подписан,30060249.811666667,1969566
1017,2039-01-01,Действует (частичный выкуп),17081075.549166664,1682255
1018,2039-01-01,Действует (частичный страховой),24647390.425,401004
1015,2039-01-01,Действует,2054528849.6755555,900510
1016,2039-01-01,Действует (реструктуризация),1577473257.7958333,118176
1020,2039-02-01,Действует,2054528849.6755555,884048
1021,2039-02-01,Действует (реструктуризация),1577473257.7958333,1684720
1022,2039-02-01,Действует (частичный выкуп),17081075.549166664,1505461
1023,2039-02-01,Действует (частичный страховой),24647390.425,871932
1024,2039-02-01,Подписан,30060249.811666667,1805608
1029,2039-03-01,Подписан,30060249.811666667,743005
1028,2039-03-01,Действует (частичный страховой),24647390.425,1753844
1026,2039-03-01,Действует (реструктуризация),1577473257.7958333,1071337
1025,2039-03-01,Действует,2054528849.6755555,448716
1027,2039-03-01,Действует (частичный выкуп),17081075.549166664,1324517
1030,2039-04-01,Действует,2054528849.6755555,810591
1031,2039-04-01,Действует (реструктуризация),1577473257.7958333,1803781
1032,2039-04-01,Действует (частичный выкуп),17081075.549166664,464884
1033,2039-04-01,Действует (частичный страховой),24647390.425,84225
1034,2039-04-01,Подписан,30060249.811666667,563144
1039,2039-05-01,Подписан,30060249.811666667,1066386
1038,2039-05-01,Действует (частичный страховой),24647390.425,539101
1037,2039-05-01,Действует (частичный выкуп),17081075.549166664,1182976
1035,2039-05-01,Действует,2054528849.6755555,886013
1036,2039-05-01,Действует (реструктуризация),1577473257.7958333,1042074
1040,2039-06-01,Действует,2054528849.6755555,1751481
1041,2039-06-01,Действует (реструктуризация),1577473257.7958333,1546020
1042,2039-06-01,Действует (частичный выкуп),17081075.549166664,1992553
1043,2039-06-01,Действует (частичный страховой),24647390.425,1280978
1044,2039-06-01,Подписан,30060249.811666667,361312
1049,2039-07-01,Подписан,30060249.811666667,213935
1048,2039-07-01,Действует (частичный страховой),24647390.425,513356
1047,2039-07-01,Действует (частичный выкуп),17081075.549166664,920673
1045,2039-07-01,Действует,2054528849.6755555,1308269
1046,2039-07-01,Действует (реструктуризация),1577473257.7958333,1631502
1050,2039-08-01,Действует,2054528849.6755555,1676410
1051,2039-08-01,Действует (реструктуризация),1577473257.7958333,875704
1052,2039-08-01,Действует (частичный выкуп),17081075.549166664,245738
1053,2039-08-01,Действует (частичный страховой),24647390.425,1808514
1054,2039-08-01,Подписан,30060249.811666667,587845
1055,2039-09-01,Действует,2054528849.6755555,1659438
1056,2039-09-01,Действует (реструктуризация),1577473257.7958333,977305
1057,2039-09-01,Действует (частичный выкуп),17081075.549166664,217980
1058,2039-09-01,Действует (частичный страховой),24647390.425,1297193
1059,2039-09-01,Подписан,30060249.811666667,73716
1060,2039-10-01,Действует,2054528849.6755555,511035
1061,2039-10-01,Действует (реструктуризация),1577473257.7958333,1542926
1062,2039-10-01,Действует (частичный выкуп),17081075.549166664,971720
1063,2039-10-01,Действует (частичный страховой),24647390.425,1692743
1064,2039-10-01,Подписан,30060249.811666667,632369
1069,2039-11-01,Подписан,30060249.811666667,1084028
1068,2039-11-01,Действует (частичный страховой),24647390.425,1868749
1067,2039-11-01,Действует (частичный выкуп),17081075.549166664,385729
1065,2039-11-01,Действует,2054528849.6755555,1512548
1066,2039-11-01,Действует (реструктуризация),1577473257.7958333,997387
1070,2039-12-01,Действует,2054528849.6755555,442341
1071,2039-12-01,Действует (реструктуризация),1577473257.7958333,1464191
1072,2039-12-01,Действует (частичный выкуп),17081075.549166664,1534343
1073,2039-12-01,Действует (частичный страховой),24647390.425,1155201
1074,2039-12-01,Подписан,30060249.811666667,1312367
1079,2040-01-01,Подписан,30060249.811666667,660679
1078,2040-01-01,Действует (частичный страховой),24647390.425,1673019
1076,2040-01-01,Действует (реструктуризация),1577473257.7958333,1446930
1075,2040-01-01,Действует,2054528849.6755555,1668125
1077,2040-01-01,Действует (частичный выкуп),17081075.549166664,129276
1080,2040-02-01,Действует,2054528849.6755555,1007742
1081,2040-02-01,Действует (реструктуризация),1577473257.7958333,1515649
1082,2040-02-01,Действует (частичный выкуп),17081075.549166664,1273099
1083,2040-02-01,Действует (частичный страховой),24647390.425,1229262
1084,2040-02-01,Подписан,30060249.811666667,989881
1089,2040-03-01,Подписан,30060249.811666667,1208602
1088,2040-03-01,Действует (частичный страховой),24647390.425,578098
1087,2040-03-01,Действует (частичный выкуп),17081075.549166664,212837
1085,2040-03-01,Действует,2054528849.6755555,611438
1086,2040-03-01,Действует (реструктуризация),1577473257.7958333,1160296
1090,2040-04-01,Действует,2054528849.6755555,622654
1091,2040-04-01,Действует (реструктуризация),1577473257.7958333,1403298
1092,2040-04-01,Действует (частичный выкуп),17081075.549166664,420917
1093,2040-04-01,Действует (частичный страховой),24647390.425,237140
1094,2040-04-01,Подписан,30060249.811666667,1857948
1099,2040-05-01,Подписан,30060249.811666667,1355365
1098,2040-05-01,Действует (частичный страховой),24647390.425,1988875
1095,2040-05-01,Действует,2054528849.6755555,782496
1096,2040-05-01,Действует (реструктуризация),1577473257.7958333,64145
1097,2040-05-01,Действует (частичный выкуп),17081075.549166664,576902
1100,2040-06-01,Действует,2054528849.6755555,305910
1101,2040-06-01,Действует (реструктуризация),1577473257.7958333,523677
1102,2040-06-01,Действует (частичный выкуп),17081075.549166664,638549
1103,2040-06-01,Действует (частичный страховой),24647390.425,535125
1104,2040-06-01,Подписан,30060249.811666667,372213
1108,2040-07-01,Действует (частичный страховой),24647390.425,1141428
1109,2040-07-01,Подписан,30060249.811666667,1364279
1107,2040-07-01,Действует (частичный выкуп),17081075.549166664,867633
1105,2040-07-01,Действует,2054528849.6755555,814297
1106,2040-07-01,Действует (реструктуризация),1577473257.7958333,819305
1110,2040-08-01,Действует,2054528849.6755555,1370539
1111,2040-08-01,Действует (реструктуризация),1577473257.7958333,1803882
1112,2040-08-01,Действует (частичный выкуп),17081075.549166664,390080
1113,2040-08-01,Действует (частичный страховой),24647390.425,1692200
1114,2040-08-01,Подписан,30060249.811666667,1879223
1119,2040-09-01,Подписан,30060249.811666667,1006879
1118,2040-09-01,Действует (частичный страховой),24647390.425,24667
1117,2040-09-01,Действует (частичный выкуп),17081075.549166664,884617
1115,2040-09-01,Действует,2054528849.6755555,679350
1116,2040-09-01,Действует (реструктуризация),1577473257.7958333,1833295
1120,2040-10-01,Действует,2054528849.6755555,1163996
1121,2040-10-01,Действует (реструктуризация),1577473257.7958333,1746670
1122,2040-10-01,Действует (частичный выкуп),17081075.549166664,1486135
1123,2040-10-01,Действует (частичный страховой),24647390.425,1362005
1124,2040-10-01,Подписан,30060249.811666667,843845
1129,2040-11-01,Подписан,30060249.811666667,1972485
1127,2040-11-01,Действует (частичный выкуп),17081075.549166664,1186283
1128,2040-11-01,Действует (частичный страховой),24647390.425,1559328
1125,2040-11-01,Действует,2054528849.6755555,988552
1126,2040-11-01,Действует (реструктуризация),1577473257.7958333,1498363
1130,2040-12-01,Действует,2054528849.6755555,862418
1131,2040-12-01,Действует (реструктуризация),1577473257.7958333,977397
1132,2040-12-01,Действует (частичный выкуп),17081075.549166664,1308098
1133,2040-12-01,Действует (частичный страховой),24647390.425,239355
1134,2040-12-01,Подписан,30060249.811666667,1762158
1135,2041-01-01,Действует,2054528849.6755555,1322229
1136,2041-01-01,Действует (реструктуризация),1577473257.7958333,1690293
1137,2041-01-01,Действует (частичный выкуп),17081075.549166664,170867
1138,2041-01-01,Действует (частичный страховой),24647390.425,335295
1139,2041-01-01,Подписан,30060249.811666667,1380216
1140,2041-02-01,Действует,2054528849.6755555,1948425
1141,2041-02-01,Действует (реструктуризация),1577473257.7958333,1934632
1142,2041-02-01,Действует (частичный выкуп),17081075.549166664,1331570
1143,2041-02-01,Действует (частичный страховой),24647390.425,1144989
1144,2041-02-01,Подписан,30060249.811666667,1330698
1149,2041-03-01,Подписан,30060249.811666667,703747
1148,2041-03-01,Действует (частичный страховой),24647390.425,846927
1147,2041-03-01,Действует (частичный выкуп),17081075.549166664,1443146
1145,2041-03-01,Действует,2054528849.6755555,208800
1146,2041-03-01,Действует (реструктуризация),1577473257.7958333,1792111
1150,2041-04-01,Действует,2054528849.6755555,1518158
1151,2041-04-01,Действует (реструктуризация),1577473257.7958333,1365292
1152,2041-04-01,Действует (частичный выкуп),17081075.549166664,1957546
1153,2041-04-01,Действует (частичный страховой),24647390.425,81650
1154,2041-04-01,Подписан,30060249.811666667,1095882
1159,2041-05-01,Подписан,30060249.811666667,970458
1158,2041-05-01,Действует (частичный страховой),24647390.425,143666
1156,2041-05-01,Действует (реструктуризация),1577473257.7958333,520814
1155,2041-05-01,Действует,2054528849.6755555,1077643
1157,2041-05-01,Действует (частичный выкуп),17081075.549166664,424753
1160,2041-06-01,Действует,2054528849.6755555,1495389
1161,2041-06-01,Действует (реструктуризация),1577473257.7958333,1026108
1162,2041-06-01,Действует (частичный выкуп),17081075.549166664,1498811
1163,2041-06-01,Действует (частичный страховой),24647390.425,352274
1164,2041-06-01,Подписан,30060249.811666667,512359
1169,2041-07-01,Подписан,30060249.811666667,510525
1168,2041-07-01,Действует (частичный страховой),24647390.425,21586
1167,2041-07-01,Действует (частичный выкуп),17081075.549166664,844826
1165,2041-07-01,Действует,2054528849.6755555,493216
1166,2041-07-01,Действует (реструктуризация),1577473257.7958333,1221251
1170,2041-08-01,Действует,2054528849.6755555,672847
1171,2041-08-01,Действует (реструктуризация),1577473257.7958333,242696
1172,2041-08-01,Действует (частичный выкуп),17081075.549166664,833001
1173,2041-08-01,Действует (частичный страховой),24647390.425,408251
1174,2041-08-01,Подписан,30060249.811666667,1090216
1179,2041-09-01,Подписан,30060249.811666667,745163
1178,2041-09-01,Действует (частичный страховой),24647390.425,1277170
1175,2041-09-01,Действует,2054528849.6755555,1819884
1176,2041-09-01,Действует (реструктуризация),1577473257.7958333,192300
1177,2041-09-01,Действует (частичный выкуп),17081075.549166664,1995728
1180,2041-10-01,Действует,2054528849.6755555,1281278
1181,2041-10-01,Действует (реструктуризация),1577473257.7958333,305868
1182,2041-10-01,Действует (частичный выкуп),17081075.549166664,601268
1183,2041-10-01,Действует (частичный страховой),24647390.425,977984
1184,2041-10-01,Подписан,30060249.811666667,61688
1188,2041-11-01,Действует (частичный страховой),24647390.425,863855
1189,2041-11-01,Подписан,30060249.811666667,1384102
1187,2041-11-01,Действует (частичный выкуп),17081075.549166664,735427
1185,2041-11-01,Действует,2054528849.6755555,1416944
1186,2041-11-01,Действует (реструктуризация),1577473257.7958333,901602
1190,2041-12-01,Действует,2054528849.6755555,267059
1191,2041-12-01,Действует (реструктуризация),1577473257.7958333,446310
1192,2041-12-01,Действует (частичный выкуп),17081075.549166664,1594355
1193,2041-12-01,Действует (частичный страховой),24647390.425,1165227
1194,2041-12-01,Подписан,30060249.811666667,792379
1199,2042-01-01,Подписан,30060249.811666667,1334381
1198,2042-01-01,Действует (частичный страховой),24647390.425,1873740
1197,2042-01-01,Действует (частичный выкуп),17081075.549166664,877299
1195,2042-01-01,Действует,2054528849.6755555,701390
1196,2042-01-01,Действует (реструктуризация),1577473257.7958333,1808807
1200,2042-02-01,Действует,2054528849.6755555,1839665
1201,2042-02-01,Действует (реструктуризация),1577473257.7958333,492694
1202,2042-02-01,Действует (частичный выкуп),17081075.549166664,716136
1203,2042-02-01,Действует (частичный страховой),24647390.425,71658
1204,2042-02-01,Подписан,30060249.811666667,1573422
1209,2042-03-01,Подписан,30060249.811666667,1792727
1207,2042-03-01,Действует (частичный выкуп),17081075.549166664,954374
1208,2042-03-01,Действует (частичный страховой),24647390.425,525212
1205,2042-03-01,Действует,2054528849.6755555,1042912
1206,2042-03-01,Действует (реструктуризация),1577473257.7958333,1018718
1210,2042-04-01,Действует,2054528849.6755555,980815
1211,2042-04-01,Действует (реструктуризация),1577473257.7958333,1188926
1212,2042-04-01,Действует (частичный выкуп),17081075.549166664,1797878
1213,2042-04-01,Действует (частичный страховой),24647390.425,1770467
1214,2042-04-01,Подписан,30060249.811666667,233182
1219,2042-05-01,Подписан,30060249.811666667,1804102
1218,2042-05-01,Действует (частичный страховой),24647390.425,199501
1215,2042-05-01,Действует,2054528849.6755555,1002039
1216,2042-05-01,Действует (реструктуризация),1577473257.7958333,1057181
1217,2042-05-01,Действует (частичный выкуп),17081075.549166664,1481690
1220,2042-06-01,Действует,2054528849.6755555,1852687
1221,2042-06-01,Действует (реструктуризация),1577473257.7958333,1581528
1222,2042-06-01,Действует (частичный выкуп),17081075.549166664,92118
1223,2042-06-01,Действует (частичный страховой),24647390.425,227236
1224,2042-06-01,Подписан,30060249.811666667,177017
1228,2042-07-01,Действует (частичный страховой),24647390.425,1307593
1229,2042-07-01,Подписан,30060249.811666667,56591
1227,2042-07-01,Действует (частичный выкуп),17081075.549166664,176077
1225,2042-07-01,Действует,2054528849.6755555,1705677
1226,2042-07-01,Действует (реструктуризация),1577473257.7958333,1881302
1230,2042-08-01,Действует,2054528849.6755555,772032
1231,2042-08-01,Действует (реструктуризация),1577473257.7958333,1377579
1232,2042-08-01,Действует (частичный выкуп),17081075.549166664,1918901
1233,2042-08-01,Действует (частичный страховой),24647390.425,440295
1234,2042-08-01,Подписан,30060249.811666667,1652538
1239,2042-09-01,Подписан,30060249.811666667,426733
1238,2042-09-01,Действует (частичный страховой),24647390.425,207301
1237,2042-09-01,Действует (частичный выкуп),17081075.549166664,852089
1235,2042-09-01,Действует,2054528849.6755555,702086
1236,2042-09-01,Действует (реструктуризация),1577473257.7958333,745258
1240,2042-10-01,Действует,2054528849.6755555,1619980
1241,2042-10-01,Действует (реструктуризация),1577473257.7958333,792415
1242,2042-10-01,Действует (частичный выкуп),17081075.549166664,1969309
1243,2042-10-01,Действует (частичный страховой),24647390.425,1661663
1244,2042-10-01,Подписан,30060249.811666667,499203
1249,2042-11-01,Подписан,30060249.811666667,1803019
1247,2042-11-01,Действует (частичный выкуп),17081075.549166664,982186
1248,2042-11-01,Действует (частичный страховой),24647390.425,56725
1245,2042-11-01,Действует,2054528849.6755555,695933
1246,2042-11-01,Действует (реструктуризация),1577473257.7958333,761831
1250,2042-12-01,Действует,2054528849.6755555,100563
1251,2042-12-01,Действует (реструктуризация),1577473257.7958333,1632637
1252,2042-12-01,Действует (частичный выкуп),17081075.549166664,1291214
1253,2042-12-01,Действует (частичный страховой),24647390.425,955172
1254,2042-12-01,Подписан,30060249.811666667,1708815
1259,2043-01-01,Подписан,30060249.811666667,1701668
1258,2043-01-01,Действует (частичный страховой),24647390.425,1390844
1257,2043-01-01,Действует (частичный выкуп),17081075.549166664,1343812
1255,2043-01-01,Действует,2054528849.6755555,874771
1256,2043-01-01,Действует (реструктуризация),1577473257.7958333,1261507
1260,2043-02-01,Действует,2054528849.6755555,183075
1261,2043-02-01,Действует (реструктуризация),1577473257.7958333,421585
1262,2043-02-01,Действует (частичный выкуп),17081075.549166664,325170
1263,2043-02-01,Действует (частичный страховой),24647390.425,933482
1264,2043-02-01,Подписан,30060249.811666667,1014631
1269,2043-03-01,Подписан,30060249.811666667,985153
1267,2043-03-01,Действует (частичный выкуп),17081075.549166664,90331
1268,2043-03-01,Действует (частичный страховой),24647390.425,752874
1265,2043-03-01,Действует,2054528849.6755555,215563
1266,2043-03-01,Действует (реструктуризация),1577473257.7958333,1089551
1270,2043-04-01,Действует,2054528849.6755555,1904175
1271,2043-04-01,Действует (реструктуризация),1577473257.7958333,1056080
1272,2043-04-01,Действует (частичный выкуп),17081075.549166664,685422
1273,2043-04-01,Действует (частичный страховой),24647390.425,1630214
1274,2043-04-01,Подписан,30060249.811666667,1642594
1279,2043-05-01,Подписан,30060249.811666667,1332782
1277,2043-05-01,Действует (частичный выкуп),17081075.549166664,634895
1278,2043-05-01,Действует (частичный страховой),24647390.425,249559
1275,2043-05-01,Действует,2054528849.6755555,344019
1276,2043-05-01,Действует (реструктуризация),1577473257.7958333,455021
1280,2043-06-01,Действует,2054528849.6755555,1208730
1281,2043-06-01,Действует (реструктуризация),1577473257.7958333,1499092
1282,2043-06-01,Действует (частичный выкуп),17081075.549166664,867721
1283,2043-06-01,Действует (частичный страховой),24647390.425,624339
1284,2043-06-01,Подписан,30060249.811666667,193554
1288,2043-07-01,Действует (частичный страховой),24647390.425,1198047
1285,2043-07-01,Действует,2054528849.6755555,198175
1286,2043-07-01,Действует (реструктуризация),1577473257.7958333,1023948
1287,2043-07-01,Действует (частичный выкуп),17081075.549166664,1836712
1289,2043-07-01,Подписан,30060249.811666667,1906844
